country_code,state_code,city
USA,NY,New York
USA,IL,Champaign
USA,CA,Los Angeles
USA,NJ,Iselin
USA,MD,Woodbine
USA,OR,Lake Oswego
USA,CA,San Francisco
USA,WA,Bellevue
USA,WI,Madison
USA,OH,Cleveland
USA,CA,Oakland
USA,MA,Lexington
USA,IL,Chicago
USA,RI,Providence
USA,CA,West Hollywood
USA,MA,Bedford
USA,CA,Santa Monica
USA,FL,Lake Mary
USA,WA,Kirkland
USA,CA,Santa Ana
USA,PA,Philadelphia
USA,WA,Seattle
USA,NH,Hampton Falls
USA,TX,Houston
USA,NY,Saratoga Springs
USA,CA,San Jose
USA,MD,Rockville
USA,NY,Clarence
USA,CA,Mountain View
CAN,ON,Toronto
USA,FL,Rockledge
USA,IL,Willowbrook
USA,MD,Cambridge
USA,NY,Rochester
USA,IN,Indianapolis
USA,CA,Stanford
USA,CO,Boulder
USA,CA,Palo Alto
USA,CA,Woodland Hills
USA,CA,San Pablo
USA,TX,Plano
USA,IA,Cedar Rapids
USA,VT,Williston
USA,CA,Elk Grove
USA,MD,Hanover
CAN,BC,Vancouver
USA,CA,Menlo Park
USA,NJ,Clifton
USA,CO,Denver
USA,PA,Pittsburgh
USA,GA,Atlanta
CAN,ON,Whitby
CAN,ON,Ottawa
USA,CA,Emeryville
USA,MI,Troy
USA,CA,Sunnyvale
USA,MA,Quincy
USA,MA,West Roxbury
USA,MI,Ann Arbor
USA,FL,Longwood
USA,OH,Cincinnati
USA,CA,San Diego
USA,MN,Minneapolis
USA,SC,Rock Hill
USA,CA,Redwood City
USA,FL,Lauderhill
USA,CT,New Haven
USA,AR,Fayetteville
USA,CA,Santa Clara
USA,VA,Fairfax
USA,MA,Cambridge
USA,TX,Austin
USA,OH,Columbus
USA,WA,Stevenson
USA,MD,Baltimore
USA,MA,Watertown
USA,GA,Douglasville
USA,SC,Conway
USA,VA,Herndon
USA,CA,San Mateo
USA,NC,Morrisville
USA,RI,Johnston
USA,CA,Roseville
USA,NC,Raleigh
USA,MD,Arnold
USA,VA,Virginia Beach
USA,SC,Easley
USA,FL,Fort Lauderdale
USA,TX,Pearland
USA,MA,Beverly
USA,OH,Akron
USA,WI,Milwaukee
USA,MD,Southern Md Facility
USA,MA,Boston
USA,VA,Sterling
USA,WA,Redmond
USA,NM,Albuquerque
USA,CA,San Ramon
USA,CO,Lakewood
USA,NJ,Berlin
USA,MA,Westborough
USA,NC,Wilmington
USA,FL,Hollywood
USA,IL,Aurora
USA,IL,Naperville
USA,WA,Vancouver
USA,FL,Miami
USA,MI,Bloomfield Hills
USA,IL,Des Plaines
CAN,ON,Mississauga
USA,TX,Richardson
USA,CA,Los Altos
USA,NJ,Princeton
USA,AZ,Tempe
USA,IL,Evanston
USA,MI,Kalamazoo
USA,CO,Wheat Ridge
USA,TX,Italy
USA,CO,Loveland
USA,PA,Paoli
USA,OR,Portland
USA,KS,Overland Park
USA,MN,Minnetonka
USA,CO,Littleton
USA,OH,Wooster
USA,TN,Knoxville
USA,TN,Nashville
USA,MA,Maynard
USA,AZ,Scottsdale
USA,CA,Newport Beach
CAN,QC,Montréal
USA,MA,Pembroke
USA,UT,Provo
USA,AZ,Tucson
USA,CA,Scotts Valley
USA,OK,Tulsa
USA,WA,Bellingham
USA,KY,Louisville
USA,CO,Colorado Springs
USA,FL,Tampa
USA,CA,Irvine
USA,OH,Dublin
USA,CO,Broomfield
USA,IL,Itasca
USA,CA,Truckee
USA,IL,Saybrook
USA,MA,Marlborough
USA,WA,Shoreline
USA,UT,Lindon
USA,TX,San Antonio
USA,PA,Wexford
USA,IL,Lake Zurich
USA,PA,Plymouth Meeting
USA,CA,Larkspur
USA,FL,Boca Raton
USA,KS,Olathe
USA,NY,Buffalo
USA,AR,Little Rock
USA,CO,Westminster
USA,MA,Concord
USA,NY,Huntington Station
USA,CA,El Segundo
USA,MD,Gaithersburg
USA,MD,Columbia
USA,MO,St Louis
USA,VA,Dulles
USA,CA,South San Francisco
USA,PA,Conshohocken
USA,NJ,Lakewood
USA,CA,Los Gatos
USA,NV,Las Vegas
USA,MA,Burlington
CAN,QC,Brossard
USA,MI,Grand Rapids
USA,NJ,Marlton
USA,OR,Beaverton
USA,CA,Fremont
USA,CA,Belmont
USA,MN,Plymouth
USA,MA,Waltham
USA,NJ,North Brunswick
USA,CA,Ceres
CAN,AB,Fort Mcmurray
USA,GA,Roswell
USA,MA,Newton
USA,MN,Bloomington
USA,FL,Clearwater
USA,TN,Memphis
USA,NY,Pearl River
USA,CA,Santa Barbara
USA,TX,Dallas
USA,CA,Torrance
USA,OR,Mcminnville
USA,TX,Allen
USA,CA,Altadena
USA,CT,East Hartford
USA,PA,Bellefonte
USA,CA,Carlsbad
USA,CA,Beverly Hills
USA,CA,Livermore
USA,MA,Westwood
USA,CA,Foster City
USA,CO,Lafayette
USA,CA,Laguna Hills
USA,HI,Honolulu
USA,FL,Palm Harbor
USA,CA,Pasadena
USA,KY,Crestwood
USA,NC,Charlotte
USA,IL,Lincolnwood
USA,VA,Chantilly
USA,NJ,Woodcliff Lake
USA,VA,Vienna
USA,IL,Palatine
USA,TX,Irving
USA,CA,Carpinteria
USA,NH,Concord
USA,NY,Ithaca
USA,IL,Rolling Meadows
USA,CA,Campbell
USA,CA,Glendale
USA,MO,Columbia
USA,GA,Peachtree City
USA,PA,Reading
USA,VA,Charlottesville
USA,CA,San Bruno
USA,CA,Yorba Linda
USA,NH,Lebanon
USA,MO,Kansas City
USA,CT,West Hartford
CAN,QC,Lévis
USA,AL,Montgomery
USA,WA,Issaquah
USA,FL,Miami Beach
USA,CA,Davis
USA,CA,Cupertino
USA,NJ,Newtonville
USA,VA,Reston
USA,CA,Lucerne Valley
USA,NY,Great Neck
USA,NH,Derry
USA,GA,Lilburn
USA,CA,Berkeley
USA,NC,Durham
USA,CO,Greeley
USA,CT,Westport
USA,IN,West Lafayette
USA,TN,Chattanooga
USA,CA,Hayward
USA,MN,Rockville
USA,MN,Eagan
USA,IL,Romeoville
USA,MA,Wilmington
USA,AZ,Chandler
USA,WA,Richland
USA,OR,Hillsboro
USA,CT,Stamford
USA,WA,Kennewick
USA,PA,Wayne
CAN,AB,Sherwood Park
USA,CA,Milpitas
USA,MA,Hingham
USA,VA,Alexandria
USA,NJ,Lawrenceville
USA,TX,Stafford
USA,NH,Rochester
USA,LA,Baton Rouge
USA,PA,Hazleton
USA,MA,Woburn
USA,CA,Moorpark
USA,MD,Edgewater
USA,CA,Santa Rosa
USA,CA,Sausalito
CAN,BC,Victoria
USA,IL,Oak Brook
USA,NY,Brooklyn
USA,NJ,Edgewater
USA,NJ,Bridgewater
USA,CO,Englewood
CAN,BC,Burnaby
USA,CA,Mission Viejo
USA,NJ,Bedminster
USA,NH,Amherst
CAN,ON,Waterloo
USA,NJ,South Plainfield
USA,CA,Venice
CAN,QC,Gatineau
USA,MA,Acton
USA,CT,East Granby
CAN,AB,Edmonton
USA,AZ,Phoenix
USA,NY,Queens
USA,PA,York Haven
USA,IN,Carmel
CAN,ON,Vaughan
USA,CA,Rolling Hills Estates
USA,GA,Alpharetta
USA,CA,Costa Mesa
USA,OH,Canton
USA,NJ,Mount Laurel
USA,TN,Franklin
USA,CO,Longmont
USA,OH,Middletown
USA,CA,Pleasanton
USA,KS,Mission
USA,DE,Wilmington
CAN,ON,Moncton
USA,IA,Fairfield
USA,CA,La Jolla
USA,CA,Walnut Creek
USA,AR,Springdale
CAN,BC,North Vancouver
USA,DC,Washington
USA,ME,Limington
USA,ME,Portland
USA,MA,Hardwick
USA,TN,Goodlettsville
USA,CO,Greenwood Village
USA,CA,Martinez
USA,CO,Durango
USA,PA,Feasterville Trevose
USA,CA,Culver City
USA,FL,Melbourne Beach
USA,CA,Moffett Field
USA,VA,Arlington
USA,CT,Norwalk
USA,HI,Kapaa
USA,MA,Littleton
USA,CA,Folsom
USA,CO,Aurora
USA,FL,St. Pete Beach
USA,SD,Rapid City
USA,MA,Ayer
USA,WA,Bothell
USA,NY,Lisle
USA,TN,Oak Ridge
USA,MD,Bethesda
USA,MA,Lowell
USA,RI,Cranston
USA,CA,Rancho Cucamonga
USA,TX,Addison
USA,CO,Pagosa Springs
USA,CA,Encinitas
USA,FL,Bonita Springs
USA,MT,Corvallis
USA,WI,Middleton
USA,CA,Morgan Hill
USA,CA,Richmond
USA,CA,El Cajon
USA,NJ,Howell
USA,CA,Santa Cruz
USA,CA,La
USA,UT,South Jordan
USA,MI,Jackson
USA,MN,Saint Paul
USA,VA,Danville
USA,MN,Burnsville
USA,PA,York
USA,UT,Salt Lake City
USA,VA,Roanoke
USA,IN,Fort Wayne
USA,UT,Tremonton
USA,NE,Imperial
USA,IL,Carthage
USA,MA,Wellesley
USA,NY,East Rochester
USA,CO,Centennial
USA,CA,Chino
USA,CA,Huntington Beach
USA,NY,Uniondale
USA,CA,Corte Madera
USA,PA,Exton
USA,OK,Oklahoma City
USA,MA,Tewksbury
USA,FL,Miramar Beach
USA,OR,Redmond
USA,CA,San Carlos
CAN,QC,Pointe-claire
USA,MI,Royal Oak
USA,NH,Salem
USA,MN,Rochester
USA,CA,Poway
USA,MN,Eden Prairie
USA,GA,Marietta
USA,CA,Orange
USA,CA,Fresno
USA,MD,Chevy Chase
USA,NY,Jericho
USA,TN,Brentwood
USA,TX,Richmond
USA,FL,Belleair Beach
USA,MA,Billerica
USA,FL,Vero Beach
USA,CT,Fairfield
USA,FL,Palm Beach Gardens
USA,NY,Port Washington
USA,NV,Boulder City
USA,PA,East Stroudsburg
USA,CA,Thousand Oaks
USA,NJ,Cranbury
USA,NY,Long Island City
USA,WA,Kenmore
USA,CA,Covina
USA,CT,Waterbury
USA,FL,Melbourne
USA,MA,Lawrence
USA,CO,Golden
USA,PA,Newtown Square
USA,MA,Devens
CAN,NS,Halifax
USA,CT,Branford
USA,NY,Kingston
USA,MA,Medford
USA,FL,Weston
USA,IL,Rockford
USA,TX,Little Elm
USA,CA,Tustin
USA,MO,Independence
USA,OR,Eugene
USA,NJ,Shrewsbury
USA,FL,Pensacola
USA,MO,O Fallon
USA,IL,Homewood
USA,FL,Tallahassee
USA,CA,Malibu
USA,FL,Cape Coral
USA,TX,Stamford
CAN,ON,Markham
USA,MO,Saint Louis
USA,NV,Henderson
USA,NH,Bedford
USA,PA,Indiana
USA,GA,Dunwoody
USA,PA,Malvern
USA,NE,Hastings
CAN,NL,Saint John's
USA,CA,Petaluma
USA,FL,Orlando
USA,NJ,Jersey City
USA,CA,Brea
USA,CA,Burlingame
USA,CA,Vista
USA,VA,Ashburn
USA,CT,Greenwich
USA,IA,Des Moines
USA,PA,Scranton
USA,CA,Goleta
USA,MA,Framingham
USA,CA,Santa Fe Springs
USA,FL,Alachua
USA,TX,Sugar Land
USA,MA,Dedham
USA,NH,Manchester
USA,PA,Lancaster
USA,VA,South Boston
USA,CA,Northridge
USA,NY,Troy
USA,NJ,Red Bank
USA,CA,Freedom
USA,OK,Jenks
USA,AR,England
USA,FL,Aventura
USA,CA,Walnut
USA,MA,Andover
USA,FL,Jacksonville
USA,PA,Langhorne
USA,VT,Burlington
USA,OH,Brunswick
USA,VA,Falls Church
USA,FL,North Miami Beach
USA,TX,The Woodlands
USA,CA,Aptos
USA,CA,Potter Valley
USA,OH,Toledo
USA,FL,Coral Springs
USA,KS,Kansas City
USA,CT,Groton
USA,MA,Natick
USA,NJ,Fairfield
USA,LA,Bossier City
CAN,ON,Kitchener
USA,OK,Ardmore
USA,MI,Detroit
USA,NY,Queensbury
USA,NJ,East Brunswick
USA,KS,Wa Keeney
USA,MA,North Billerica
USA,CA,Foothill Ranch
USA,CA,Aliso Viejo
USA,AR,Rogers
USA,NY,Tarrytown
USA,MO,Springfield
USA,NY,West Babylon
USA,MA,Sudbury
USA,OH,North Hampton
USA,NY,Mount Kisco
USA,MD,Temple Hills
USA,AR,Hot Springs National Park
USA,AR,Marion
CAN,MB,Winnipeg
USA,OH,Pomeroy
USA,AZ,Mesa
USA,NE,Omaha
USA,DE,Newark
USA,PA,Thornton
USA,NY,Highland
USA,NC,Chapel Hill
USA,TX,Bryan
USA,IA,Coralville
USA,TN,Quebeck
USA,MA,Northborough
USA,CO,Carbondale
USA,PA,King Of Prussia
USA,MA,Needham
USA,PA,Bristol
USA,OK,Stillwater
USA,OH,Twinsburg
USA,NY,Rome
USA,OH,Mason
USA,NY,Warwick
USA,RI,Warwick
USA,MD,Annapolis
USA,CA,Orinda
USA,AL,Birmingham
USA,IL,Bolingbrook
USA,CA,Del Mar
USA,FL,Jupiter
USA,NM,Santa Fe
USA,OH,West Chester
USA,UT,Lehi
USA,CA,Napa
USA,CA,Palm Springs
USA,GA,Stockbridge
USA,PA,Fort Washington
USA,CA,Van Nuys
USA,CA,Sherman Oaks
USA,MS,Georgetown
USA,MN,Beaver Creek
USA,IN,South Bend
USA,MN,Northfield
USA,WI,Sherwood
USA,NY,Schenectady
USA,NJ,Berkeley Heights
USA,AK,Fairbanks
USA,IL,Northbrook
USA,TX,Abilene
USA,FL,Delray Beach
CAN,AB,Calgary
USA,SC,Mount Pleasant
USA,TX,Flower Mound
USA,CA,Marina
USA,VA,Purcellville
USA,TX,Hurst
USA,NY,East Greenbush
USA,NH,Nashua
USA,CA,Ladera Ranch
USA,AL,Madison
USA,WA,Bainbridge Island
USA,MD,Germantown
USA,MD,Damascus
USA,CA,Redwood Shores
USA,FL,Casselberry
USA,MI,Belmont
USA,VA,Mclean
USA,MA,Danvers
USA,ND,Fargo
USA,WI,Green Bay
USA,MA,Chelmsford
USA,UT,Draper
USA,CT,Farmington
USA,OH,Clyde
USA,AZ,Winkelman
USA,KY,Lexington
USA,MA,Foxboro
USA,NJ,Egg Harbor Township
USA,MA,Boxborough
USA,VA,Harrisonburg
USA,MA,Westford
USA,PA,Bethlehem
USA,MI,Grand Haven
USA,PA,Jenkintown
USA,FL,Gainesville
USA,FL,Palm City
USA,FL,St. Petersburg
USA,PA,Wilkes Barre
USA,CA,Temecula
USA,MA,South Harwich
USA,NJ,Fort Lee
USA,FL,Lake City
USA,ID,Boise
USA,OH,Hilliard
USA,MD,Owings Mills
USA,NY,Glen Cove
USA,IA,Cedar Falls
USA,NJ,Trenton
USA,CT,Oxford
USA,SC,Greenville
USA,MD,Linthicum Heights
USA,FL,Coral Gables
USA,KS,Lenexa
USA,CA,Portola Valley
USA,IL,Morton Grove
USA,WA,Fall City
USA,MA,Tyngsboro
USA,MT,Bozeman
USA,CA,Atwater
USA,NE,Lincoln
USA,MA,Osterville
CAN,ON,Kanata
USA,SC,Charleston
USA,CA,Playa Vista
USA,CA,Redondo Beach
USA,TX,Seminole
USA,WA,Woodinville
USA,AR,Bentonville
USA,MI,Southfield
USA,PA,Souderton
USA,NY,Woodside
USA,NJ,Hoboken
USA,NY,Albany
USA,CA,Manhattan Beach
USA,VA,Richmond
USA,ID,Mesa
USA,IN,Mishawaka
USA,IA,Urbandale
USA,AR,Nashville
USA,MA,Plymouth Meeting
USA,FL,Kissimmee
USA,LA,New Orleans
USA,MO,Saint Charles
USA,NV,Elko
USA,GA,Suwanee
USA,CA,South Pasadena
USA,CA,Canyon Country
USA,OR,Ashland
USA,IL,Deerfield
USA,OR,Corvallis
USA,CA,Newark
USA,MD,Lutherville Timonium
USA,WI,Appleton
USA,NJ,Monroe Township
USA,VT,Shelburne
USA,VA,Mc Lean
USA,CA,City Of Industry
USA,NJ,Morristown
USA,PA,Ambler
USA,TX,Amarillo
USA,GA,Duluth
USA,FL,Sunrise
USA,OR,Tigard
USA,NC,Pittsboro
USA,IN,Brownsburg
USA,NC,Cary
USA,CO,Fort Collins
USA,NC,Denver
USA,NJ,Mount Arlington
USA,MI,East Lansing
USA,CT,Mansfield Center
USA,MI,Plymouth
CAN,QC,Laval
USA,NY,Chappaqua
USA,CA,Alameda
USA,RI,Cumberland
USA,CA,Pittsburg
USA,CA,Brisbane
USA,MA,Newbury
USA,TX,Mckinney
USA,PA,Carlisle
USA,NJ,Tenafly
USA,MA,Brookline
USA,IL,Barrington
USA,LA,Lafayette
CAN,QC,Quebec
USA,MT,Missoula
USA,NJ,Edison
USA,KY,Union
USA,OH,Amsterdam
USA,MN,Excelsior
USA,RI,Newport
USA,OH,Westlake
USA,VA,Mechanicsville
USA,ID,Hayden
CAN,SK,Albertville
USA,IN,Fishers
USA,NJ,Somerset
USA,FL,Brandon
USA,MI,Cadillac
USA,PA,Apollo
USA,OH,Dover
USA,CA,El Dorado Hills
USA,IL,New Lenox
USA,NJ,Chatham
USA,WI,Whitewater
CAN,BC,Nanaimo
USA,FL,Port Saint Lucie
USA,DE,Delaware City
USA,UT,Sandy
USA,CA,Chico
USA,PA,Berwyn
USA,CA,Belvedere Tiburon
USA,UT,American Fork
USA,NY,Seaford
USA,TX,Spur
USA,NH,Portsmouth
USA,CO,Louisville
USA,CO,Arvada
USA,AR,North Little Rock
USA,CA,San Gabriel
USA,PA,Sewickley
USA,AL,Huntsville
USA,CT,Bridgeport
USA,CA,Alamo
USA,OH,Dayton
USA,FL,Sanibel
USA,MA,Jamaica Plain
USA,NY,Syracuse
USA,CA,Burbank
USA,GA,Norcross
USA,FL,Boynton Beach
USA,PA,Bernville
USA,IN,Rushville
USA,MS,Clinton
USA,IL,Libertyville
USA,UT,Midvale
USA,NY,Rye
USA,NJ,Maplewood
USA,IL,Fox Lake
USA,OH,Louisville
USA,FL,Deerfield Beach
USA,IA,Ely
USA,CA,Buena Park
USA,FL,Naples
USA,NC,Asheville
USA,MO,Saint Peters
USA,NY,Westbury
USA,CT,Old Saybrook
USA,UT,Orem
USA,PA,Downingtown
USA,GA,Decatur
USA,NC,Wake Forest
USA,WA,Spokane
USA,NY,Manhattan
USA,CT,Guilford
USA,MA,Worcester
USA,CA,Marina Del Rey
USA,CA,Union City
USA,IL,Coal City
USA,KS,Shawnee Mission
USA,CA,Inglewood
USA,TX,Bellaire
CAN,ON,Saint Catharines
USA,CA,Sacramento
USA,FL,West Palm Beach
USA,NJ,Montclair
USA,VA,Norfolk
USA,SC,Taylors
USA,CA,Oxnard
USA,NM,Los Alamos
USA,CA,Lafayette
USA,CA,Studio City
USA,MA,Hopkinton
USA,CA,Fairfield
USA,PA,Doylestown
CAN,NS,Sherbrooke
USA,FL,Fort Myers
CAN,QC,Salaberry-de-valleyfield
USA,CA,San Clemente
USA,MS,Starkville
USA,NJ,Mountainside
CAN,ON,Blind River
USA,TX,Mansfield
USA,VT,Richmond
USA,OH,Youngstown
USA,ME,Northern Washington Co
USA,CA,San Rafael
USA,NJ,Rutherford
USA,NC,Waxhaw
USA,NY,Astoria
USA,CA,Saratoga
USA,OH,New Albany
USA,MS,Laurel
USA,PA,Butler
USA,NY,White Plains
USA,VA,Blacksburg
USA,NJ,Brick
USA,MA,Raynham
USA,MA,West Bridgewater
USA,PA,Mill Hall
USA,NJ,Moorestown
USA,NJ,Bayonne
USA,MA,Clinton
USA,FL,Wesley Chapel
USA,WI,Coloma
USA,VA,Midlothian
USA,CA,Arcata
USA,VA,Orange
USA,CT,Hamden
CAN,ON,Oakville
USA,IA,Ankeny
USA,FL,Pompano Beach
USA,TX,Friendswood
USA,OH,Garrettsville
USA,WA,Sequim
CAN,AB,Calmar
USA,CT,South Glastonbury
USA,PA,Wynnewood
USA,NJ,Eatontown
USA,TX,Del Valle
USA,PA,Villanova
USA,SD,Sioux Falls
USA,MN,Hamel
CAN,NL,St. John's
USA,PA,Newtown
USA,LA,Monroe
USA,MD,Silver Spring
USA,PA,Danville
USA,MD,Frederick
USA,TX,Lubbock
USA,MA,Wakefield
USA,OH,Independence
USA,NY,Roslyn Heights
USA,CT,Shelton
USA,OH,Chagrin Falls
USA,VT,Waitsfield
USA,CO,Crestone
USA,NJ,Hackensack
USA,RI,Wakefield
USA,NY,Fairport
USA,MA,Newton Center
USA,MD,Savage
USA,NY,Mamaroneck
USA,WI,Grafton
USA,NJ,Monmouth Junction
USA,CA,Chatsworth
USA,NY,Centerport
USA,AR,Elkins
USA,CA,Long Beach
USA,MN,Saint Michael
USA,CA,Corona
USA,UT,Ogden
USA,CA,San Juan Capistrano
USA,CA,Gardena
USA,CO,Brighton
USA,KY,Covington
USA,IL,Edwardsville
USA,MA,Chelsea
USA,NJ,Parsippany
USA,WA,Tumwater
USA,CA,Upland
USA,PA,Clarion
USA,CT,Madison
USA,OH,Elyria
USA,OR,Bend
USA,HI,Aiea
USA,CA,Encino
USA,NY,Canandaigua
CAN,ON,Richmond Hill
USA,IL,Loves Park
USA,NV,Carson City
USA,NJ,Englewood
USA,MA,Amherst
USA,NC,Winston Salem
USA,CA,Millbrae
USA,CA,Pacific Palisades
USA,MN,Stillwater
USA,NV,Reno
USA,WA,Tacoma
USA,NY,Woodbury
USA,MA,Somerville
USA,OH,Richfield
USA,CA,Mill Valley
USA,CA,La Mirada
USA,MD,Randallstown
USA,VA,Great Falls
USA,CT,Avon
USA,NY,Stony Brook
USA,VA,Glen Allen
USA,CA,Universal City
USA,FL,Panama City Beach
USA,MA,Arlington Heights
USA,WA,Snohomish
USA,NJ,Paramus
USA,KY,Murray
USA,WA,Mercer Island
USA,CA,Rohnert Park
USA,NJ,Annandale
USA,AR,Benton
USA,CA,Carmichael
USA,CO,Berthoud
USA,CA,Ventura
USA,NJ,Crosswicks
USA,WA,Lyle
USA,MD,Phoenix
USA,NJ,Livingston
USA,OH,Richmond
USA,PA,Bala Cynwyd
USA,CA,Anaheim
USA,CA,Rancho Santa Margarita
USA,WI,Beloit
USA,CA,Granite Bay
USA,CA,Solana Beach
USA,CA,Rancho Palos Verdes
USA,CT,Hartford
USA,CT,Ridgefield
USA,CT,West Simsbury
USA,NJ,Wayne
USA,NJ,New Brunswick
USA,UT,Saint George
USA,NY,Amherst
USA,CA,Brentwood
USA,IL,Metamora
USA,MA,West Newton
USA,CA,Azusa
USA,CA,Rocklin
USA,GA,Mcdonough
USA,PA,Radnor
USA,MA,Gloucester
USA,TX,Mineral Wells
USA,OH,Marietta
USA,NY,Denver
USA,IN,Terre Haute
USA,TX,Canyon Lake
USA,OH,Miamisburg
USA,TX,Southlake
USA,PA,Blue Bell
USA,VT,Norwich
USA,FL,Hallandale
USA,NC,Boone
USA,OH,Delaware
USA,NY,Hauppauge
USA,MD,Towson
USA,OR,Tualatin
USA,ND,Bismarck
USA,IL,Warrenville
USA,MD,College Park
USA,WI,Lake Geneva
USA,NH,Hanover
USA,MI,Sterling Heights
USA,IN,Whiting
USA,WY,Cheyenne
USA,IL,Elmhurst
USA,IL,Vernon Hills
USA,ME,Stockholm
USA,MN,White Bear Lake
USA,NJ,Newark
USA,OH,Liberty Center
USA,OH,Euclid
USA,RI,East Providence
USA,WI,Kaukauna
USA,MA,Southborough
USA,IL,Castleton
USA,NJ,Union
USA,PA,Mechanicsburg
USA,CO,Niwot
USA,CA,Fountain Valley
USA,CA,Duarte
USA,KS,Leawood
USA,CA,Monterey Park
USA,WI,Greendale
USA,IL,Swansea
USA,DE,New Castle
USA,WA,Puyallup
USA,FL,Windermere
CAN,ON,Welland
USA,CA,Lake Forest
USA,CA,Ontario
USA,MA,Franklin
USA,CA,Greenville
USA,CA,Signal Hill
USA,NJ,North Bergen
USA,MD,Cockeysville
USA,TX,Spring
USA,IN,Evansville
USA,CT,Southport
USA,MO,Philadelphia
USA,NY,Yonkers
USA,MA,Lincoln
USA,CA,Agoura Hills
USA,MN,Elk River
USA,NY,New Windsor
USA,CA,Westlake Village
USA,PA,Breinigsville
USA,CT,Darien
USA,CT,Wallingford
USA,AL,Gardendale
USA,KY,California
USA,VT,Middlebury
USA,MI,Canton
USA,TX,Baytown
USA,PA,Kelayres
USA,OK,Norman
USA,CO,Bailey
USA,UT,Park City
USA,NC,Davidson
USA,NC,Hillsborough
USA,NY,Syosset
USA,CA,Paso Robles
USA,CA,Stevenson Ranch
USA,NY,Hempstead
USA,NJ,Fair Lawn
USA,MD,Essex
USA,OH,Lakewood
USA,TX,Tomball
USA,CT,New Canaan
USA,NH,Milford
USA,IN,Columbia City
USA,IL,Skokie
USA,OH,Medina
CAN,ON,London
USA,GA,Columbus
USA,WA,Liberty Lake
CAN,ON,Hamilton
USA,MD,Hagerstown
USA,CA,Blythe
USA,IA,Johnston
USA,CA,Atherton
USA,MA,Melrose
USA,OH,Whitehouse
USA,AL,Enterprise
USA,OH,Athens
USA,CA,Mi Wuk Village
USA,NJ,Short Hills
USA,PA,Coraopolis
USA,NY,West Henrietta
USA,CA,Valley Village
USA,MD,Beltsville
USA,MI,Ypsilanti
USA,VA,Newport News
USA,OH,Lima
USA,FL,Pembroke Pines
USA,NY,Carmel
USA,CA,East Palo Alto
USA,NY,Ridgewood
USA,NY,Hicksville
USA,MO,Fremont
USA,FL,Sarasota
USA,TX,Georgetown
USA,FL,North Palm Beach
USA,CA,San Marcos
USA,SC,Bluffton
USA,CA,Sebastopol
USA,MD,Burtonsville
CAN,AB,Strathmore
USA,NC,Wrightsville Beach
USA,ME,Hampden
USA,FL,Kenansville
USA,LA,Metairie
USA,RI,North Kingstown
USA,TN,Madison
USA,OH,Solon
USA,ME,Orono
USA,UT,Herriman
USA,MI,Zeeland
USA,TX,Red Oak
USA,SC,Ridge Spring
USA,NJ,Cedar Grove
USA,IL,Elgin
USA,NY,Monroe
USA,KS,Lawrence
USA,GA,Valdosta
USA,DE,Milford
USA,NC,Benson
USA,CA,California City
USA,MN,Shakopee
USA,MO,Bolivar
USA,FL,Saint Augustine
USA,CA,Rancho Dominguez
USA,TX,Frisco
USA,VA,Hampton
USA,MD,Upper Marlboro
USA,FL,Fernandina Beach
USA,NC,Kure Beach
USA,MS,Oxford
USA,VA,Suffolk
USA,CA,Yreka
USA,IL,Grayslake
USA,NC,Brevard
USA,KY,Glencoe
USA,GA,Cleveland
USA,NC,East Bend
USA,WA,Kent
USA,CA,Oceanside
USA,MN,Saint Cloud
USA,CA,Hermosa Beach
USA,CA,Los Altos Hills
USA,TX,Boerne
USA,FL,Seminole
USA,MI,Allen Park
USA,CA,Quincy
USA,NJ,New Providence
USA,MS,Ridgeland
USA,IL,Lincolnshire
USA,VA,Sandston
USA,CA,Glendora
USA,MN,Eveleth
USA,UT,North Salt Lake
USA,NJ,Morris Plains
USA,NH,Merrimack
USA,CA,San Luis Obispo
USA,WY,Ten Sleep
USA,IL,Woodridge
USA,MN,Minnesota City
USA,IL,Freeport
USA,NY,Amityville
USA,NJ,Northvale
USA,NM,Las Cruces
USA,NE,Wisner
USA,IL,Elk Grove Village
USA,MN,Maple Grove
USA,OH,Beachwood
USA,CA,Calabasas
USA,IN,Lafayette
USA,NJ,East Hanover
USA,IL,East Peoria
USA,AL,Mobile
CAN,BC,Surrey
USA,CA,Trabuco Canyon
USA,TN,Hendersonville
USA,PA,Allentown
USA,IA,Dubuque
USA,NH,Hudson
USA,MA,Wenham
USA,CT,Norwich
USA,MA,Arlington
CAN,ON,Etobicoke
USA,NJ,Hampton
USA,TX,Fort Worth
USA,GA,Carrollton
USA,OR,Sherwood
USA,MA,Medfield
USA,NE,Columbus
USA,IN,Bloomington
USA,TX,Bedford
USA,MS,Corinth
USA,CA,San Leandro
USA,NJ,Roseland
USA,TX,Cypress
USA,ID,Sandpoint
CAN,BC,Kelowna
USA,CA,North Hollywood
USA,FL,Fort Walton Beach
USA,TX,Grapevine
CAN,ON,Cambridge
USA,IL,Collinsville
USA,FL,Jacksonville Beach
USA,FL,Newberry
USA,PA,Hawley
USA,CA,Danville
USA,CA,Dublin
USA,GA,Athens
USA,KS,Wichita
USA,DE,Lewes
USA,AZ,Colorado City
USA,IN,Georgetown
USA,MT,Toston
USA,GA,Blackshear
USA,MN,Prior Lake
CAN,BC,Canal Flats
USA,NY,Patchogue
USA,NJ,Teaneck
USA,PA,Monaca
USA,IL,Lisle
USA,WV,Fairmont
USA,IL,Round Lake
USA,TX,Hutto
USA,IL,Tinley Park
USA,AR,Conway
USA,OH,Powell
USA,NJ,Pine Brook
USA,CA,Camarillo
USA,FL,Largo
USA,TX,Cedar Park
USA,CA,Visalia
USA,OR,Keizer
USA,PA,Bedford
USA,CT,Monroe
USA,CA,Daly City
USA,CT,Unionville
USA,CA,Cerritos
USA,OH,Jerusalem
USA,IA,Sioux City
USA,MA,Salem
USA,AL,Sheffield
USA,WA,Blaine
USA,NY,Mineola
USA,ND,Berlin
USA,WA,Sammamish
USA,NY,South Richmond Hill
USA,NC,Greenville
USA,TX,Mcallen
USA,AL,River Falls
USA,IL,Schaumburg
USA,IL,Hanover Park
USA,CA,Loma Linda
USA,MO,Martinsburg
USA,FL,Winter Park
USA,PA,Erie
USA,CA,Summerland
USA,UT,Murray
USA,IL,Peoria Heights
USA,CA,Riverside
USA,NY,Batavia
USA,VA,Colonial Heights
USA,NY,Forest Hills
USA,MD,Derwood
USA,HI,Kahului
USA,CA,Fairfax
USA,IA,Davenport
USA,HI,Kilauea
USA,MA,Wilbraham
USA,MD,Pikesville
USA,PA,Horsham
USA,ME,Yarmouth
USA,MA,Amesbury
USA,CA,Clayton
USA,GA,Kennesaw
USA,CO,Grand Junction
USA,ME,Cambridge
USA,CA,Concord
USA,MA,Mansfield
USA,CA,Tehachapi
USA,NY,Levittown
USA,IA,Iowa City
USA,IL,Orland Park
USA,VA,Christiansburg
USA,AK,Anchorage
USA,MD,Lanham
USA,NJ,South Orange
USA,CA,West Los Angeles
USA,MA,Sandwich
USA,NC,Mooresville
USA,CT,Danbury
USA,UT,Mapleton
USA,NY,Latham
USA,FL,Miami Lakes
USA,IL,Roselle
USA,OH,New Concord
USA,IL,Highland Park
USA,PA,Drexel Hill
USA,MI,Port Huron
USA,MD,Hunt Valley
USA,MI,Midland
USA,MN,Duluth
USA,ME,Brunswick
USA,MA,White Horse Beach
USA,TN,Vonore
USA,NY,Brownville
USA,MO,Glencoe
USA,PA,Hatfield
USA,FL,Cocoa
USA,PA,Chalfont
USA,TX,Coppell
USA,ID,Coeur D'alene
USA,MA,Peabody
CAN,PE,Charlottetown
USA,CA,Playa Del Rey
CAN,ON,Woodbridge
USA,IL,Batavia
USA,CA,Indio
USA,FL,Santa Rosa Beach
USA,AL,Leeds
USA,IL,Kenilworth
USA,ND,West Fargo
USA,TX,Temple
USA,NJ,Florham Park
USA,CA,Valencia
USA,MD,Glen Burnie
USA,NY,Plattsburgh
USA,OR,Talent
USA,NY,Valhalla
USA,UT,Tooele
USA,NJ,Hainesport
USA,FL,Palm Bay
USA,CT,Woodbridge
CAN,ON,Thunder Bay
USA,NY,Ronkonkoma
USA,WA,Lynnwood
USA,KY,Paducah
USA,IL,Hinsdale
USA,MA,Belmont
USA,CA,Cypress
USA,VA,Leesburg
USA,NJ,Browns Mills
USA,SC,Fort Mill
USA,CA,Novato
USA,IA,Ames
USA,VT,Woodstock
USA,CO,Telluride
CAN,ON,Pefferlaw
USA,NJ,South Hackensack
USA,IL,Riverside
USA,CA,Mather
USA,CA,Bakersfield
USA,MI,Ottawa Lake
USA,WI,Sturtevant
USA,NE,Roca
USA,NJ,Lyndhurst
USA,VT,White River Junction
USA,NY,Melville
USA,AK,Russian Mission
USA,MA,Norwood
CAN,ON,Barrie
CAN,ON,Delta
USA,NC,Greensboro
USA,CO,Erie
USA,LA,Hackberry
USA,NY,Deer Park
USA,CT,Glastonbury
USA,KY,Scottsville
USA,MA,North Andover
USA,CO,Castle Rock
USA,OR,Saint Helens
USA,NY,Farmingdale
USA,MD,Stevensville
USA,OR,Medford
USA,MA,Groton
USA,MS,Ocean Springs
USA,CA,Wildomar
USA,LA,Shreveport
USA,NY,Garden City
USA,KY,Providence
USA,GA,Savannah
USA,MA,Reading
USA,NJ,Lambertville
USA,MD,Glenwood
USA,NJ,Flemington
USA,MN,Mendota
USA,CA,Boulevard
USA,OH,Loveland
USA,TX,Holliday
USA,IL,Effingham
USA,NJ,Somers Point
USA,UT,Washington
USA,SC,Sullivans Island
USA,WA,Renton
USA,NY,West Nyack
CAN,AB,Vancouver
USA,UT,West Jordan
USA,MA,Braintree
USA,ME,Kennebunk
USA,PA,Havertown
USA,WY,Pinedale
USA,MD,Laurel
USA,CO,Aspen
USA,CT,Wilton
USA,GA,Cumming
USA,CA,Fullerton
USA,FL,Altamonte Springs
USA,GA,Lawrenceville
USA,SC,Cheraw
USA,IN,Kokomo
USA,GA,Acworth
USA,OR,Wilsonville
USA,FL,Ponte Vedra Beach
USA,VA,Strasburg
USA,VT,Shoreham
USA,CA,Laguna Beach
USA,NY,Irvington
USA,FL,Port Orange
USA,CA,Idyllwild
USA,FL,Maitland
USA,NJ,Atlantic Highlands
USA,AR,Russellville
USA,KS,Prairie Village
USA,MA,Nahant
USA,WI,De Pere
CAN,BC,Courtenay
USA,GA,Jasper
USA,ME,Biddeford Pool
USA,TN,Cordova
USA,GA,Rex
USA,CO,Windsor
USA,NJ,Matawan
USA,SC,Spartanburg
USA,IL,Jonesboro
USA,TX,Spicewood
USA,MO,St. Charles
USA,NY,Armonk
USA,MO,Earth City
USA,NY,Newark Valley
USA,NJ,Midland Park
USA,FL,Oldsmar
USA,CA,Rancho Cordova
CAN,AB,Thunder Bay
USA,TX,Anna
USA,CO,Manassa
CAN,BC,New Westminster
USA,TX,El Paso
CAN,QC,Saint Laurent
USA,NY,Plainview
USA,WA,Tukwila
USA,UT,Bountiful
USA,CA,Tarzana
USA,AR,Gurdon
USA,MN,Chanhassen
USA,PA,Hatboro
USA,IL,Mchenry
USA,FL,Stuart
USA,CA,Lake Elsinore
USA,NJ,Piscataway
USA,IN,Rockfield
USA,AL,Tuscaloosa
USA,PA,Lansdowne
USA,AZ,Goodyear
USA,CA,Laguna Niguel
USA,MI,Grand Ledge
USA,OH,Cuyahoga Falls
USA,KY,Erlanger
USA,MI,Wixom
USA,SC,Columbia
USA,CA,La Canada Flintridge
USA,WA,Port Townsend
USA,IL,Galesburg
USA,MN,West Saint Paul
USA,VA,Fredericksburg
USA,VA,Warrenton
USA,VA,Selma
USA,CA,Simi Valley
USA,ID,Idaho Falls
USA,CA,San Pedro
USA,WI,Fitchburg
USA,MA,Allston
USA,WI,Eau Claire
USA,AR,Alma
USA,TX,Waco
USA,CO,Conifer
USA,NY,Oneonta
USA,NJ,Westfield
USA,TX,Tyler
USA,MI,East China
CAN,ON,Burlington
USA,NY,Peru
USA,PA,Croydon
USA,WA,Gig Harbor
USA,RI,Barrington
USA,PA,Bensalem
USA,FL,Panama City
USA,IL,Park Ridge
USA,CT,New London
USA,CT,Cheshire
USA,WI,Sun Prairie
USA,CT,Plainville
USA,IN,Crown Point
USA,VA,Williamsburg
USA,TX,Lewisville
USA,PA,Huntingdon
USA,TN,Tullahoma
USA,CA,Ripon
USA,MA,Whitinsville
USA,TX,Carrollton
USA,GA,Gainesville
USA,MD,Potomac
USA,NJ,Plainsboro
USA,NY,Central Valley
USA,OH,Middlefield
USA,NY,Port Chester
USA,CA,Westwood
USA,CA,Escondido
USA,CA,West Hills
CAN,BC,Richmond
USA,NJ,Denville
USA,LA,Lake Arthur
USA,PA,State College
USA,NY,Massapequa
USA,IA,North Liberty
USA,OK,Edmond
USA,PA,Willow Grove
USA,MO,Fenton
USA,MN,Litchfield
USA,WI,Waukesha
USA,IA,West Des Moines
USA,IA,Clear Lake
USA,CA,Clovis
USA,TX,Buda
USA,TX,Pasadena
USA,CA,La Puente
USA,NY,Clifton Park
USA,MA,North Reading
USA,CA,Toluca Lake
USA,SC,Pendleton
CAN,AB,Wetaskiwin
USA,KS,Sabetha
USA,KY,Owensboro
USA,MO,Chesterfield
USA,MA,Canton
USA,MS,Flowood
CAN,AB,Lethbridge
USA,MA,Granville
USA,AL,Pelham
USA,NY,Florida
USA,LA,Georgia
USA,NJ,Pennsauken
USA,NJ,Middlesex
USA,NJ,Carlstadt
USA,PA,West Chester
USA,ME,Lewiston
USA,MD,Ellicott City
USA,OH,Lewis Center
USA,CA,Santa Clarita
CAN,BC,Maple Ridge
USA,GA,Tucker
USA,FL,Ponte Vedra
USA,NJ,Bloomfield
USA,OH,Marysville
USA,MD,Sandy Spring
USA,IN,Shelbyville
USA,PA,Yardley
USA,MD,Gambrills
USA,FL,Satellite Beach
USA,PA,Marcus Hook
USA,IN,Rising Sun
USA,GA,Boston
USA,NC,Murphy
USA,CT,Bloomfield
USA,TX,Smithville
CAN,QC,Bedford
USA,NJ,Verona
USA,MI,Ferndale
USA,PA,Warminster
USA,KS,Hutchinson
USA,MO,Joplin
USA,PA,Lititz
USA,KY,Bowling Green
USA,NY,Bronx
USA,MI,Farmington Hills
USA,MD,Bowie
USA,NC,Lexington
USA,NJ,Spring Lake
USA,NJ,Point Pleasant Beach
USA,VA,Portsmouth
USA,MD,Marion Station
USA,IL,Westmont
USA,IL,Wauconda
USA,UT,Springville
USA,AL,Oxford
USA,GA,Buford
USA,PA,Hummelstown
USA,FL,Dania
USA,WI,River Falls
USA,OH,Massillon
USA,ME,Castine
USA,FL,Lakeland
USA,NM,Ruidoso Downs
USA,PA,Bethel Park
USA,NJ,Mahwah
USA,MO,Moscow Mills
USA,SD,Brookings
USA,AL,Auburn
CAN,ON,Kingston
USA,CA,San Anselmo
USA,FL,Tarpon Springs
USA,KS,Salina
USA,IN,New Albany
USA,OH,Macedonia
USA,CA,Chula Vista
USA,LA,Alexandria
CAN,ON,Bobcaygeon
USA,WY,Casper
USA,MA,Attleboro Falls
USA,HI,M C B H Kaneohe Bay
USA,NJ,Metuchen
USA,NM,Corrales
USA,CA,Palm Desert
USA,KS,Coffeyville
USA,MA,Wayland
USA,PA,Benton
USA,UT,Syracuse
USA,CA,San Bernardino
USA,NY,Cortlandt Manor
USA,PA,New Hope
USA,FL,Spring Hill
USA,MI,Greenville
USA,NJ,Montvale
USA,NJ,Franklin Park
USA,WI,Germantown
USA,GA,Lindale
USA,AR,Maumelle
USA,PA,Oakmont
USA,NY,Harrison
USA,AK,North Little Rock
USA,MI,Lansing
USA,MI,Washington
USA,NC,High Point
USA,WA,Arlington
USA,KS,Hamilton
USA,TX,Round Rock
USA,IL,Tilton
USA,NY,East Setauket
USA,VA,Lorton
USA,NC,Lumberton
USA,CA,Cardiff By The Sea
USA,ID,Eagle
USA,TN,Murfreesboro
USA,PA,Birdsboro
USA,NJ,Sayreville
USA,PA,Norristown
USA,NY,Cold Spring Harbor
USA,IA,Bloomfield
USA,NY,Poughkeepsie
USA,CA,Yuba City
USA,FL,Lithia
USA,FL,Crystal River
USA,NJ,Hasbrouck Heights
USA,ID,Meridian
USA,OH,West Mansfield
USA,TX,Milano
USA,CA,Bonsall
USA,WI,Delafield
USA,MI,Madison Heights
USA,TX,Beaumont
USA,GA,Canton
USA,GA,Moultrie
USA,MI,Novi
USA,ND,Gardner
USA,ID,Nampa
USA,OH,Brecksville
USA,IA,Waterloo
USA,TX,Arlington
USA,NY,Lyndonville
USA,IL,Arlington Heights
USA,UT,Pleasant Grove
USA,NJ,Skillman
USA,NC,Huntersville
USA,AZ,Gilbert
USA,CA,North Hills
USA,MI,Auburn Hills
USA,WI,Oostburg
USA,CA,Greenbrae
USA,NJ,Camden
USA,IN,Marion
USA,GA,Avondale Estates
USA,WI,Brookfield
USA,NH,Pelham
USA,AL,Opelika
CAN,MB,Saskatoon
USA,NJ,Long Valley
USA,MA,Carlisle
USA,IL,Addison
USA,TN,Smyrna
USA,MO,Louisiana
USA,VT,Winooski
USA,RI,Central Falls
USA,MN,Winona
CAN,BC,Abbotsford
USA,OH,Circleville
USA,CT,West Haven
USA,AZ,Peoria
USA,CA,Monterey
USA,TX,Waxahachie
USA,MN,Sartell
USA,CO,Avon
USA,AZ,Flagstaff
USA,AL,De Armanville
USA,MS,Jackson
USA,SC,Texas
USA,NC,Rockingham
USA,IL,Glenview
USA,MA,Taunton
USA,GA,Woodstock
USA,TX,Grand Prairie
USA,NJ,River Edge
USA,FL,Sebastian
USA,PA,Enola
USA,NY,Great River
USA,NY,Madison
USA,OH,Willoughby
USA,IL,West Chicago
USA,NH,Auburn
USA,FL,New Port Richey
USA,PA,Warrendale
USA,IL,Crystal Lake
USA,WI,Superior
USA,VA,Locust Grove
USA,CT,Windsor
USA,VT,Milton
USA,CA,Garden Grove
USA,MO,Liberty
USA,CA,Rosamond
USA,IN,Noblesville
USA,CA,Hawthorne
USA,WI,Antigo
USA,OH,Rootstown
USA,ME,Falmouth
USA,CT,Southbury
USA,ND,Grand Forks
CAN,QC,Boucherville
USA,TN,Utah
USA,NY,Rockville Centre
USA,IL,Oak Park
USA,WI,Brillion
USA,CA,Apple Valley
USA,MA,Pittsfield
USA,SC,North Charleston
USA,FL,Hobe Sound
USA,IL,Springfield
USA,FL,Palm Coast
USA,SC,Mauldin
USA,MD,Clinton
USA,NJ,Pennington
USA,LA,Lake Charles
USA,OH,Fairlawn
USA,WA,Duvall
USA,NY,Bohemia
USA,NJ,Mantua
USA,CA,Gilroy
USA,CO,Evergreen
USA,LA,Port Allen
USA,MA,East Taunton
USA,KS,De Soto
USA,NY,Monticello
USA,CA,Monrovia
USA,IL,Chicago Ridge
USA,MN,Wayzata
USA,CA,Graton
USA,AL,Columbiana
USA,NJ,Monroeville
USA,VA,Bristow
USA,NJ,Secaucus
USA,OH,Maumee
USA,CA,Rialto
USA,NY,Islandia
USA,IL,Carbondale
USA,NJ,Weehawken
USA,IN,Warsaw
USA,MN,Spring Lake Park
USA,TX,Conroe
USA,TX,Denton
USA,MI,Rochester Hills
USA,CT,South Windsor
USA,MD,Joppa
USA,MI,Traverse City
CAN,ON,Concord
USA,ND,Hazelton
CAN,ON,Brantford
CAN,SK,Estevan
USA,CA,Selma
USA,AL,Tuskegee
USA,TX,Lometa
USA,NY,Lynbrook
USA,NY,Croton On Hudson
USA,NC,Goldsboro
USA,TX,Midland
USA,NJ,Plainfield
USA,AZ,Glendale
USA,PA,Landenberg
USA,CT,Wethersfield
USA,TX,Brenham
USA,NE,Gretna
USA,SC,Mt Pleasant
USA,AL,Muscle Shoals
USA,OK,Shawnee
CAN,ON,Bolton
USA,CA,Citrus Heights
USA,PA,Glenshaw
USA,PA,Harrisburg
USA,PA,Chester Heights
USA,PA,Jamison
USA,IL,Rosamond
USA,NY,Oceanside
USA,NM,Angel Fire
USA,MS,Southaven
USA,NY,Sea Cliff
USA,WY,Riverton
USA,OH,Hudson
USA,CA,Auburn
USA,NY,Long Beach
USA,LA,Madisonville
USA,NY,Staten Island
USA,WV,Kearneysville
USA,UT,Cedar Valley
USA,IL,Wayne
USA,CA,Mountain Pass
USA,NC,Matthews
USA,CA,Century City
USA,GA,Newnan
USA,NE,Elkhorn
USA,GA,Waverly
USA,MA,South Easton
USA,NJ,Warren
USA,WA,Mount Vernon
USA,IL,Buffalo Grove
USA,MA,Leominster
USA,PA,Camp Hill
USA,MN,Houston
USA,TX,League City
USA,MA,Haverhill
CAN,QC,Mont-royal
USA,NJ,Clark
USA,WV,Morgantown
USA,CA,Inyokern
USA,NJ,Hawthorne
USA,PA,Carbondale
USA,IL,Glen Ellyn
USA,AL,Florence
USA,IL,Geneva
USA,VT,Montpelier
USA,VA,Haymarket
USA,MO,Lees Summit
USA,TX,Webster
USA,WI,Sussex
USA,IL,Wellington
USA,CT,North Haven
USA,WI,Neshkoro
USA,KS,Topeka
USA,OR,Hood River
USA,PA,Elkins Park
USA,CA,Ramona
USA,MO,Clarkton
USA,IN,Austin
USA,NJ,Morganville
USA,NC,Asheboro
USA,PA,Greenville
USA,WI,Hudson
USA,MI,Clinton Township
USA,OH,Chesterville
USA,MN,Chaska
USA,PA,Palmyra
USA,WV,Parkersburg
USA,AR,Harrison
USA,NY,Greenvale
USA,IL,Winnetka
USA,NJ,Hillsborough
USA,TX,Burnet
USA,MI,Oxford
USA,WI,Wisconsin Rapids
USA,CA,Redlands
USA,SC,Myrtle Beach
USA,NV,Incline Village
USA,CA,Murrieta
USA,PA,Audubon
USA,VT,Essex Junction
USA,IL,Wheeling
USA,NJ,Haworth
USA,NJ,Stanhope
USA,AL,Fairhope
USA,PA,Monroeville
USA,MI,Birmingham
USA,MI,Saginaw
USA,IL,Rockport
USA,VA,Manassas
USA,AL,Decatur
USA,TN,Mount Juliet
USA,CA,Lincoln
USA,WA,Bingen
USA,CA,Montclair
USA,CT,Tolland
USA,MO,Reeds Spring
USA,CA,Moraga
USA,NH,Plaistow
USA,GA,Brunswick
USA,MD,Belcamp
USA,MA,Methuen
USA,NJ,Sparta
USA,OH,Fairfield
CAN,NS,Fredericton
CAN,BC,Fort Nelson
USA,PA,Pocopson
USA,TX,San Marcos
USA,CA,Seal Beach
USA,WV,Racine
USA,MD,Greenbelt
CAN,PE,Milton
USA,MI,Muskegon
USA,MI,Dearborn Heights
USA,MS,Hattiesburg
USA,NY,Durham
USA,NH,Dover
USA,MD,California
USA,PA,Kimberton
USA,MA,Newburyport
USA,CA,Sylmar
USA,UT,Kanab
USA,DE,Hockessin
USA,NY,Pittsford
USA,OK,Snyder
USA,NY,Orchard Park
USA,MA,North Adams
CAN,BC,Prince George
USA,DE,Bear
USA,SD,Toronto
CAN,BC,Ottawa
USA,NY,Bedford
USA,NC,Henderson
USA,NY,Franklin Square
USA,WI,Mukwonago
USA,NJ,East Orange
USA,MA,Stoneham
USA,TX,Horseshoe Bay
USA,PA,Quakertown
USA,CA,Arcadia
USA,CT,Stratford
USA,PA,Bridgeville
USA,OH,Rocky River
USA,NY,Dunkirk
USA,IL,Streator
USA,CT,Milford
USA,ID,Moscow
USA,NY,Baldwinsville
USA,NY,Rosedale
CAN,ON,Orleans
CAN,NS,Dartmouth
USA,NC,Belmont
USA,CT,Newington
USA,CA,Washington
USA,WV,Vienna
CAN,QC,Dorval
USA,NC,Black Mountain
USA,TX,Mesquite
USA,NY,Briarcliff Manor
USA,FL,Land O Lakes
USA,NY,Larchmont
USA,MS,Madison
USA,MN,Waconia
USA,PA,Morrisville
USA,NY,Kings Park
USA,CA,Healdsburg
USA,TX,Katy
USA,NY,Mount Vernon
USA,NJ,Collingswood
USA,NC,Apex
USA,FL,Mount Dora
USA,MA,Stow
USA,GA,Macon
USA,OH,Toronto
USA,NY,Prospect
USA,PA,New Holland
USA,FL,Port St. Lucie
USA,NY,Huntington
USA,GA,Sautee Nacoochee
USA,NC,Southern Pines
USA,PA,Allison Park
USA,NY,Bridgehampton
USA,ID,Sagle
USA,CA,Redding
CAN,SK,Saskatoon
USA,MD,Fulton
USA,SC,Aiken
CAN,NB,Moncton
USA,MA,Auburn
USA,CA,Westminster
USA,NM,Lemitar
USA,CA,Cotati
CAN,BC,Kimberley
USA,NJ,Holmdel
USA,OH,Hubbard
USA,WI,West Bend
USA,VT,Weston
USA,MI,Franklin
USA,NY,Philadelphia
USA,NY,Potsdam
USA,MI,Pinckney
USA,MA,Charlestown
USA,OH,Troy
CAN,NB,Saint John
USA,NY,Schuyler Lake
USA,NY,Roslyn
USA,CT,Middletown
USA,KY,Nicholasville
USA,NC,Siler City
USA,IL,Carol Stream
USA,NJ,Neptune
USA,PA,Lebanon
USA,MI,Wyoming
USA,IL,Moline
USA,SC,Greenwood
USA,MA,Norwell
CAN,NL,Clarenville
CAN,ON,Lasalle
USA,WA,Wenatchee
USA,CT,Berlin
USA,NJ,Vineland
USA,NJ,Haddonfield
CAN,BC,Aldergrove
USA,CA,Stockton
USA,NE,Bellevue
USA,CA,Commerce
USA,TN,Cleveland
USA,IL,Hillside
USA,CT,Orange
USA,NY,Lake Placid
USA,AZ,Sahuarita
USA,CT,Trumbull
USA,NH,Seabrook
USA,MT,Bigfork
USA,NY,East Northport
USA,UT,Kaysville
USA,CO,Franktown
USA,OH,Oberlin
CAN,QC,Westmount
USA,VA,Salem
USA,CA,Claremont
USA,CA,Pleasant Hill
USA,TX,Sachse
USA,NC,Rocky Mount
USA,IN,Paris Crossing
USA,TX,Justin
USA,GA,Stone Mountain
USA,NJ,Kendall Park
USA,TX,West University Place
USA,MA,East Sandwich
USA,NJ,Woodbridge
USA,NJ,Highland Park
USA,CT,New Britain
USA,NC,Angier
USA,WA,Burlington
USA,FL,Bradenton
USA,NY,Southampton
USA,CA,Mission Hills
USA,NY,Little Neck
USA,OH,Sylvania
USA,CA,Nevada City
USA,NJ,Linden
CAN,NL,Charlottetown
USA,MA,Marblehead
USA,MA,Chestnut Hill
USA,TX,Gatesville
USA,MA,Avon
USA,PA,Smethport
CAN,ON,Milton
USA,NY,Auburn
USA,VA,Gainesville
CAN,ON,Guelph
USA,WA,Friday Harbor
USA,WA,Pasco
USA,TX,Pflugerville
USA,IA,Grimes
USA,VA,Wise
USA,FL,Sunset
USA,SD,Onida
USA,FL,Valrico
USA,RI,Pawtucket
USA,NJ,Bernardsville
CAN,ON,Belleville
USA,FL,Winter Springs
CAN,NS,Bedford
USA,PA,Akron
USA,WA,Olympia
USA,MA,Weymouth
USA,UT,Logan
USA,CA,Benicia
USA,MN,Champlin
USA,MA,Springfield
USA,MA,Brockton
CAN,BC,Revelstoke
USA,NJ,Westwood
USA,TX,Schertz
CAN,BC,Squamish
USA,CA,Alviso
USA,CA,Sonoma
USA,CA,Canoga Park
USA,VA,Lynchburg
USA,CA,Baldwin Park
USA,NY,Scarsdale
USA,MO,Netherlands
USA,NJ,Gladstone
USA,NJ,Somerville
USA,OH,Batavia
USA,PA,Bryn Mawr
USA,CT,Sandy Hook
CAN,ON,Carleton Place
USA,PA,Frederick
USA,CA,Ukiah
USA,CA,South Lake Tahoe
USA,CA,Hacienda Heights
USA,HI,Kapolei
USA,PA,North Versailles
USA,CA,Tulare
USA,TX,Quinlan
USA,UT,Roy
CAN,NL,Windsor
USA,WI,Racine
USA,FL,Davie
USA,IN,Plainfield
USA,MD,Fort Washington
USA,CO,Steamboat Springs
USA,CA,Carson
USA,SC,Beaufort
USA,NJ,Boonton
USA,FL,Odessa
USA,CA,Parlier
USA,NC,Locust
USA,NY,Saint James
USA,IL,Hoffman Estates
USA,NY,Elmsford
USA,RI,Kingston
USA,IA,Madrid
USA,SC,Kingstree
USA,TX,Missouri City
USA,AZ,Sun City
USA,UT,Cedar City
USA,KS,Emporia
USA,WV,Huntington
USA,MA,Greenfield
USA,WY,Worland
USA,NC,Tarboro
USA,NJ,Cresskill
USA,IL,River Forest
USA,CA,Newbury Park
USA,WI,Fort Atkinson
USA,WA,Everett
USA,OH,Milford
USA,TN,Collierville
USA,CA,St. Helena
USA,TX,College Station
USA,PA,Glen Mills
USA,AR,Roland
USA,OH,Fairborn
USA,TX,Keller
USA,NV,Zephyr Cove
USA,NY,Camillus
CAN,QC,Longueuil
CAN,ON,Sherwood Park
USA,NY,Orangeburg
USA,TX,Kingwood
USA,CT,North Canton
USA,MT,Columbia Falls
USA,RI,Middletown
USA,RI,East Greenwich
USA,LA,Amite
USA,MA,Williamstown
USA,MD,Jessup
USA,NJ,Atlantic City
USA,NY,Katonah
USA,UT,Heber City
USA,MD,Takoma Park
USA,PA,North Wales
USA,MA,Lunenburg
USA,OH,Pickerington
USA,NJ,Upper Saddle River
USA,MI,Keego Harbor
USA,MI,Commerce Township
USA,WI,Neenah
USA,ME,Saco
USA,AL,Alabaster
USA,ME,Roxbury
USA,NY,Victor
USA,CA,Boyes Hot Springs
USA,WA,Battle Ground
USA,KY,London
USA,CA,Carmel Valley
USA,NY,Suffern
CAN,AB,Red Deer
USA,MA,Royalston
USA,CA,Lakewood
USA,IN,Anderson
USA,AL,Pell City
USA,IN,Kendallville
USA,NY,Pomona
USA,NH,Goffstown
USA,WA,Trout Lake
USA,HI,Pahoa
USA,MI,Grosse Pointe Woods
USA,CT,Manchester
USA,FL,Palm Beach
USA,PA,Oakdale
USA,TN,Dayton
USA,NY,Hawthorne
USA,KY,Newport
USA,CA,Mojave
USA,AL,Normal
USA,MT,Belgrade
CAN,NB,Woodstock
USA,CT,Dayville
USA,TX,Kyle
USA,NJ,West Caldwell
USA,NJ,Toms River
USA,NC,Edenton
USA,MD,Fallston
CAN,ON,Paris
USA,FL,Atlantic Beach
USA,OR,Salem
USA,WA,Auburn
USA,MI,Grand Blanc
